{
    "root_group": {
        "path": "",
        "id": "d41d8cd98f00b204e9800998ecf8427e",
        "groups": {},
        "checks": {},
        "name": ""
    },
    "metrics": {
        "http_reqs": {
            "count": 257930,
            "rate": 25791.79657024711
        },
        "http_req_sending": {
            "p(99)": 0.13920609999999992,
            "avg": 0.017142185651145805,
            "min": 0.003416,
            "med": 0.008326,
            "max": 25.690729,
            "p(90)": 0.015268,
            "p(95)": 0.022411
        },
        "http_req_waiting": {
            "avg": 0.22069663390067254,
            "min": 0.030036,
            "med": 0.1344,
            "max": 19.23316,
            "p(90)": 0.404372,
            "p(95)": 0.6225634999999998,
            "p(99)": 1.4613663999999997
        },
        "vus": {
            "value": 10,
            "min": 10,
            "max": 10
        },
        "http_req_duration": {
            "avg": 0.2887196025006795,
            "min": 0.04802,
            "med": 0.175596,
            "max": 26.5413,
            "p(90)": 0.513475,
            "p(95)": 0.7996824999999999,
            "p(99)": 2.0088906199999905
        },
        "data_received": {
            "count": 35594340,
            "rate": 3559267.926694101
        },
        "data_sent": {
            "count": 20634400,
            "rate": 2063343.7256197687
        },
        "http_req_tls_handshaking": {
            "med": 0,
            "max": 0,
            "p(90)": 0,
            "p(95)": 0,
            "p(99)": 0,
            "avg": 0,
            "min": 0
        },
        "vus_max": {
            "value": 10,
            "min": 10,
            "max": 10
        },
        "iteration_duration": {
            "p(90)": 0.6483261000000001,
            "p(95)": 0.99294655,
            "p(99)": 2.486462499999997,
            "avg": 0.3688373560966081,
            "min": 0.073437,
            "med": 0.231235,
            "max": 27.550157
        },
        "iterations": {
            "count": 257930,
            "rate": 25791.79657024711
        },
        "http_req_blocked": {
            "p(95)": 0.004458,
            "p(99)": 0.016842,
            "avg": 0.0038758344240681893,
            "min": 0.000611,
            "med": 0.001813,
            "max": 26.928911,
            "p(90)": 0.003246
        },
        "http_req_failed": {
            "passes": 0,
            "fails": 257930,
            "value": 0
        },
        "http_req_duration{expected_response:true}": {
            "p(99)": 2.0088906199999905,
            "avg": 0.2887196025006795,
            "min": 0.04802,
            "med": 0.175596,
            "max": 26.5413,
            "p(90)": 0.513475,
            "p(95)": 0.7996824999999999
        },
        "http_req_connecting": {
            "p(99)": 0,
            "avg": 0.000007803760710270229,
            "min": 0,
            "med": 0,
            "max": 0.335033,
            "p(90)": 0,
            "p(95)": 0
        },
        "http_req_receiving": {
            "max": 20.559837,
            "p(90)": 0.0519861,
            "p(95)": 0.11644654999999998,
            "p(99)": 0.6285302999999998,
            "avg": 0.0508807829488622,
            "min": 0.009027,
            "med": 0.020127
        }
    }
}